<?xml version="1.0" encoding="UTF-8" ?>
<!DOCTYPE mapper
        PUBLIC "-//mybatis.org//DTD Mapper 3.0//EN"
        "http://mybatis.org/dtd/mybatis-3-mapper.dtd">
<mapper namespace="com.ssafy.happyhouse.repo.CommentsRepo">
	
	<select id="selectCommentsAllList" resultType="commentsdto">
		select no, userid, content, regtime, qno 
		from comments 
	</select>

	<!--  특정 QnA에 대한 댓글 목록 조회 -->	
	<select id="selectCommentsList" resultType="commentsdto">
		select no, userid, content, regtime, qno 
		from comments 
		where qno = #{qno}	
	</select>

	<!--  특정 QnA에 대한 특정 댓글 정보 조회 -->	
	<select id="selectQnAOne" resultType="qnadto">
		select no, userid, content, regtime, qno 
		from comments 
		where qno = #{qno} 
		and no = #{no};
	</select>
	
	<!-- 특정 QnA에 대한 새로운 댓글 등록 -->
	<insert id="insert">
		insert into comments (userid, content, regtime, qno)
		values (#{userid}, #{content}, now(), #{qno});
	</insert>

	<!-- 특정 QnA에 대한 댓글 수정 -->
	<update id="update">
		update comments
		set content = #{content}
		where no = #{no};
	</update>

	<!-- 특정 댓글 삭제 -->
	<delete id="delete">
		delete from comments
		where no = #{no};	
	</delete>

</mapper>

