<?xml version="1.0" encoding="UTF-8" ?>
<!DOCTYPE mapper
        PUBLIC "-//mybatis.org//DTD Mapper 3.0//EN"
        "http://mybatis.org/dtd/mybatis-3-mapper.dtd">
<mapper namespace="com.ssafy.happyhouse.repo.FavoritesRepo">

	<!-- 사용자 별  -->
	<select id="selectFavorites" resultType="dealdto">
		select d.no as no, address, d.dong as dong, street, name, area, dealym, deald, price, 
				deposit, monthly, floor, buildy, road, renttype, dealtype
		from dealinfo d join favorites f
		where d.no = f.dno
		and f.uno = #{no}
	</select>
	
	<select id="selectFavDongDealList" resultType="dealdto">
		select distinct d.no as no, 
					address, 
					d.dong as dong, 
					street, 
					name, 
					area, 
					dealym, 
					deald, 
					price, 
					deposit, 
					monthly, 
					floor, 
					buildy, 
					road, 
					renttype, 
					dealtype
		from dealinfo d join favorites f
		on d.dong = f.dong
		and f.uno = #{no}
	</select>
	
	<!-- 특정 사용자가 들겨찾기한 동 정보 (중복제거) -->
	<select id="favDistinctDongist" resultType="string">
		select distinct(dong) 
		from favorites where uno = #{uno};
	</select>
	
	<!-- 사용자가 특정 매물을 즐겨찾기 등록했는지 확인 -->
	<select id="check" resultType="favoritesdto">
		select no from favorites where uno = #{uno} and dno = #{dno}
	</select>
	
	<!-- 사용자가 특정 매물에 대해 즐겨찾기 삽입 -->
	<insert id="insert">
		insert into favorites (dong, uno, dno)  
		values ( (select substring_index(substring_index(address,' ',3),' ',-1) from dealinfo where no = #{dno}), #{uno}, #{dno});
	</insert>

	<!-- 사용자가 특정 매물에 대해 즐겨찾기 제거 -->
	<delete id="delete">
		delete from favorites where no = #{no}
	</delete>
	
</mapper>

