<?xml version="1.0" encoding="UTF-8" ?>
<!DOCTYPE mapper
        PUBLIC "-//mybatis.org//DTD Mapper 3.0//EN"
        "http://mybatis.org/dtd/mybatis-3-mapper.dtd">
<mapper namespace="com.ssafy.happyhouse.repo.NoticeRepo">

	<!-- 공지사항 전체 조회 -->
	<select id="selectList" resultType="noticedto">
		select no, subject, content, regtime, userid, hit
		from notice
		order by no desc
	</select>

	<!-- 특정 공지사항 조회 -->
	<select id="selectOne" resultType="noticedto">
		select no, subject, content, regtime, userid, hit
		from notice
		where no = #{no}
	</select>
	
	<!-- 특정 공지사항 조회시, 조회수 증가 -->
	<update id="hit">
		update notice 
		set hit = hit+1
		where no = #{no}	
	</update>
	
	<!-- 특정 공지사항 수정 -->
	<update id="update">
		update notice 
		set subject=#{subject}, content = #{content}, regtime = now()
		where no = #{no}		
	</update>

	<!-- 새로운 공지사항 삽입 -->
	<insert id="insert">
		insert into notice (subject, content, regtime)
		values (#{subject},#{content}, now());
	</insert>
	
	<!-- 특정 공지사항 삭제 -->
	<delete id="delete">
		delete from notice
		where no = #{no}
	</delete>
</mapper>

