<?xml version="1.0" encoding="UTF-8" ?>
<!DOCTYPE mapper
        PUBLIC "-//mybatis.org//DTD Mapper 3.0//EN"
        "http://mybatis.org/dtd/mybatis-3-mapper.dtd">
<mapper namespace="com.ssafy.happyhouse.repo.QnARepo">
	
	<!--  모든 QnA 목록 조회 -->	
	<select id="selectQnAList" resultType="qnadto">
		select no, subject, content, regtime, userid,hit 
		from qna
		order by regtime desc, no desc
	</select>

	<!--  특정 QnA 정보 조회 -->	
	<select id="selectQnAOne" resultType="qnadto">
		select no, subject, content, regtime, userid,hit 
		from qna
		where no = #{no}
	</select>
	
	<!-- 새로운 QnA 등록 -->
	<insert id="insert">
		insert into qna (subject,content,userid) values (#{subject},#{content},#{userid});
	</insert>

	<!-- 특정 QnA 수정 -->
	<update id="update">
		update qna 
		set subject = #{subject}, content=#{content}, regtime = now()
		where no = #{no};
	</update>

	<!-- 특정 QnA 조회 시, 조회수 UP -->
	<update id="updateHit">
		update qna 
		set hit = hit+1 
		where no = #{no};
	</update>

	<!-- 특정 QnA 삭제 -->
	<delete id="delete">
		delete from qna 
		where no = #{no};
	</delete>

</mapper>

