<?xml version="1.0" encoding="UTF-8" ?>
<!DOCTYPE mapper
        PUBLIC "-//mybatis.org//DTD Mapper 3.0//EN"
        "http://mybatis.org/dtd/mybatis-3-mapper.dtd">
<mapper namespace="com.ssafy.happyhouse.repo.UserRepo">

	<!-- 회원 정보 조회 -->
	<select id="selectOne" resultType="userdto">
		select no, userid, userpw, username
		from userinfo
		where userid=#{userid}
		and userpw=#{userpw}	
	</select>

	<!-- 특정 회원 정보 조회 -->
	<select id="selectOneByNo" resultType="userdto">
		select no, userid, userpw, username
		from userinfo
		where no=#{no}
	</select>
	
	<!-- 아이디 중복 체크 -->
	<select id="idDupCheck" resultType="string">
		select userid from userinfo where userid=#{userid}
	</select>
	
	<!-- 비밀번호 찾기 -->
	<select id="findPw" resultType="string">
		select userpw from userinfo where userid=#{userid} and username=#{username}
	</select>
	
	<!-- 새로운 회원 삽입 -->
	<insert id="insert">
		insert into userinfo (userid, userpw, username) 
		values (#{userid}, #{userpw}, #{username})
	</insert>
	
	<!-- 회원 정보 수정 -->
	<update id="update">
		update userinfo
		set userid=#{userid}, userpw=#{userpw}, username=#{username}
		where no = #{no}	
	</update>

</mapper>

